Campaign,Ad set,Ad name,When it runs,Product,Price,Primary text,Headline,Description,Call to action,Website URL,Feed and in-stream image (4:5),Stories image (9:16)
NAIRA Petite · Up Close · Oct26,AS1 · Prospecting · 7 metros · Broad,C01 · AS1 · W1 · hero · Prism Rivière Bracelet · almost a rainbow,"from 2 Oct, evergreen",Prism Rivière Bracelet,2399,"Almost a rainbow: three colours, not seven. A prism takes one beam of light and lets it come apart, and this bracelet does the same along one line of cushion-cut stones, aqua blue, soft pink and pale yellow in turn, each framed in a fine halo of tiny clear stones. A fold-over clasp keeps the line flat on the wrist, and the links adjust from 15 to 19 cm. Worn alone, it is enough.

Prism Rivière Bracelet · [ rhodium coated ] · waterproof · tarnish-free · hypoallergenic · ₹2,399
Code BUY2 takes 10% off two or more pieces.

NAIRA Petite.","Prism Rivière Bracelet · ₹2,399",[ rhodium coated ] · waterproof · tarnish-free,SHOP_NOW,https://nairaflore.com/products/prism-riviere-bracelet?utm_source=meta&utm_medium=paid_social&utm_campaign=upclose-oct26&utm_content=C01,feed/C01_prism-riviere-bracelet_4x5.jpg,story/C01_prism-riviere-bracelet_9x16.jpg
NAIRA Petite · Up Close · Oct26,AS1 · Prospecting · 7 metros · Broad,C02 · AS1 · W1 · proof · Prism Rivière Bracelet · a rain,"from 2 Oct, evergreen",Prism Rivière Bracelet,2399,"NAIRA, rearranged, spells A RAIN. Fair enough: this bracelet is waterproof, so rain and the shower are fine. One line of cushion-cut stones in aqua blue, soft pink and pale yellow, each in a fine halo of tiny clear stones, on a rhodium coated line that stays bright. Put perfume on first, wipe it dry, wear it again tomorrow.

Prism Rivière Bracelet · [ rhodium coated ] · waterproof · tarnish-free · hypoallergenic · ₹2,399
Code BUY2 takes 10% off two or more pieces.

NAIRA Petite.","Waterproof. Prism Rivière · ₹2,399",Rain and the shower are fine.,SHOP_NOW,https://nairaflore.com/products/prism-riviere-bracelet?utm_source=meta&utm_medium=paid_social&utm_campaign=upclose-oct26&utm_content=C02,feed/C02_prism-riviere-bracelet_4x5.jpg,story/C02_prism-riviere-bracelet_9x16.jpg
NAIRA Petite · Up Close · Oct26,AS1 · Prospecting · 7 metros · Broad,C04 · AS1 · W1 · hero · Woven Gold Hoops · you'll know them by the weav,"from 2 Oct, evergreen",Woven Gold Hoops,1499,"You'll know them by the weave. Look closely: many fine polished strands braided into an open rope, with the inner wires showing through the gaps, so the hoop catches light on every ridge instead of sliding off one smooth curve. A flat polished disc caps the braid and a hinged post closes it. About 25 mm across, no stones, just texture.

Woven Gold Hoops · [ 18k gold coated ] · waterproof · tarnish-free · hypoallergenic · ₹1,499
Code BUY2 takes 10% off two or more pieces.

made to stay gold.","Woven Gold Hoops · about 25 mm · ₹1,499","No stones, just texture.",SHOP_NOW,https://nairaflore.com/products/woven-gold-hoops?utm_source=meta&utm_medium=paid_social&utm_campaign=upclose-oct26&utm_content=C04,feed/C04_woven-gold-hoops_4x5.jpg,story/C04_woven-gold-hoops_9x16.jpg
NAIRA Petite · Up Close · Oct26,AS1 · Prospecting · 7 metros · Broad,C06 · AS1 · W1 · proof · Brushed Gold Huggies · shown larger,"from 2 Oct, evergreen",Brushed Gold Huggies,1099,"Shown larger than they are, because at real size they are 12 mm across. Small, chunky huggies with a wide band about 6 mm deep, puffed and rolled at the edges, in a brushed satin finish that scatters light instead of flashing it. They sit close to the lobe and go with a work shirt on Monday and a kurta at the weekend.

Brushed Gold Huggies · [ 18k gold coated ] · waterproof · tarnish-free · hypoallergenic · ₹1,099
Code BUY2 takes 10% off two or more pieces.

made to stay gold.","Brushed Gold Huggies · 12 mm · ₹1,099","Brushed satin, not mirror polish.",SHOP_NOW,https://nairaflore.com/products/brushed-gold-huggies?utm_source=meta&utm_medium=paid_social&utm_campaign=upclose-oct26&utm_content=C06,feed/C06_brushed-gold-huggies_4x5.jpg,story/C06_brushed-gold-huggies_9x16.jpg
NAIRA Petite · Up Close · Oct26,AS1 · Prospecting · 7 metros · Broad,C07 · AS1 · W1 · hero · Heartbead Bracelet · one warm note,"from 2 Oct, evergreen",Heartbead Bracelet,1299,"One warm note, and the rest stays cool. A strand of mirror-bright beads of about 6 mm runs all the way round, and only at the front does it warm up: a toggle bar, a ring and one puffed heart of about 15 mm. Wear it beside a watch and let the heart be the only warm thing on the wrist.

Heartbead Bracelet · [ 18k gold coated · rhodium coated ] · waterproof · tarnish-free · hypoallergenic · ₹1,299
Code BUY2 takes 10% off two or more pieces.

made to stay gold.","Heartbead Bracelet · ₹1,299","Two metals, one warm heart.",SHOP_NOW,https://nairaflore.com/products/heartbead-bracelet?utm_source=meta&utm_medium=paid_social&utm_campaign=upclose-oct26&utm_content=C07,feed/C07_heartbead-bracelet_4x5.jpg,story/C07_heartbead-bracelet_9x16.jpg
NAIRA Petite · Up Close · Oct26,AS1 · Prospecting · 7 metros · Broad,"C09 · AS1 · W1 · styling · Pearl Legacy Necklace · worn,","from 2 Oct, evergreen",Pearl Legacy Necklace,1799,"Some pearls wait in the locker for a wedding. These are for a Tuesday. The Pearl Legacy Necklace strings flat baroque shell pearls, each with its own ripple, between small polished beads, and closes at the front of the throat on a toggle with one larger pearl hanging from it, so the clasp becomes the centrepiece.

Pearl Legacy Necklace · [ 18k gold coated ] · tarnish-free · hypoallergenic · ₹1,799
Code BUY2 takes 10% off two or more pieces.

made to stay gold.","Pearl Legacy Necklace · ₹1,799","Worn, not saved.",SHOP_NOW,https://nairaflore.com/products/pearl-legacy-necklace?utm_source=meta&utm_medium=paid_social&utm_campaign=upclose-oct26&utm_content=C09,feed/C09_pearl-legacy-necklace_4x5.jpg,story/C09_pearl-legacy-necklace_9x16.jpg
NAIRA Petite · Up Close · Oct26,AS1 · Prospecting · 7 metros · Broad,C10 · AS1 · W1 · proof · Chevron Whisper Ring · one left plain,"from 2 Oct, evergreen; no budget until the product page's 'double V' and 'soft point' lines are rewritten as three rails",Chevron Whisper Ring,1299,"Three fine rails, and one of them left plain on purpose. A sharp V lined with small clear stones, a softer polished V in the middle with none, and a gentle curve lined with stones again, all meeting in one plain band. Shown with a green cardamom pod. US 7, fixed size, about 17.3 mm inside and about 9.5 mm high at the point; it nests against a plain band or sits alone.

Chevron Whisper Ring · [ 18k gold coated ] · waterproof · tarnish-free · hypoallergenic · ₹1,299
Code BUY2 takes 10% off two or more pieces.

made to stay gold.","Chevron Whisper Ring · ₹1,299",US 7 · about 9.5 mm at the point.,SHOP_NOW,https://nairaflore.com/products/chevron-whisper-ring?utm_source=meta&utm_medium=paid_social&utm_campaign=upclose-oct26&utm_content=C10,feed/C10_chevron-whisper-ring_4x5.jpg,story/C10_chevron-whisper-ring_9x16.jpg
NAIRA Petite · Up Close · Oct26,AS1 · Prospecting · 7 metros · Broad,"C11 · AS1 · W1 · proof · Granule Dome Ring · openwork,","from 2 Oct, evergreen; live only after the product page's 'solid gold granulation' line is corrected",Granule Dome Ring,1399,"Look closer: the dome is open. A lattice of tiny polished granules with light coming through the gaps, like lace, on an open band that ends in a smooth polished drop on the other side. The dome is about 16.8 by 15.7 mm, and the open back adjusts a little around US 7. No stones, just surface.

Granule Dome Ring · [ 18k gold coated ] · waterproof · tarnish-free · hypoallergenic · ₹1,399
Code BUY2 takes 10% off two or more pieces.

made to stay gold.","Granule Dome Ring · ₹1,399","An openwork dome, no stones.",SHOP_NOW,https://nairaflore.com/products/granule-dome-ring?utm_source=meta&utm_medium=paid_social&utm_campaign=upclose-oct26&utm_content=C11,feed/C11_granule-dome-ring_4x5.jpg,story/C11_granule-dome-ring_9x16.jpg
NAIRA Petite · Up Close · Oct26,AS1 · Prospecting · 7 metros · Broad,C12 · AS1 · W1 · hook · Bold Nocturne Chain · one link,"from 2 Oct, evergreen",Bold Nocturne Chain,1799,"Every link is polished and plain, except one, which came dressed in clear stones. The Bold Nocturne Chain is 46 cm of bold elongated links about 11.7 mm wide, with that single pavé link at the centre front, so one point of light breaks the run of metal. A 5 cm extender lets it sit higher or lower. Enough to be the whole outfit.

Bold Nocturne Chain · [ 18k gold coated ] · waterproof · tarnish-free · hypoallergenic · ₹1,799
Code BUY2 takes 10% off two or more pieces.

made to stay gold.","Bold Nocturne Chain · ₹1,799","One pavé link, the rest plain.",SHOP_NOW,https://nairaflore.com/products/bold-nocturne-chain?utm_source=meta&utm_medium=paid_social&utm_campaign=upclose-oct26&utm_content=C12,feed/C12_bold-nocturne-chain_4x5.jpg,story/C12_bold-nocturne-chain_9x16.jpg
NAIRA Petite · Up Close · Oct26,AS1 · Prospecting · 7 metros · Broad,C13 · AS1 · W2 · gifting · Toggle Link Chain · one to give,11 Oct–11 Nov,Toggle Link Chain,1499,"One to give, one to keep. The Toggle Link Chain closes at the front on a chunky polished spring ring hooked to a short bar of tiny clear stones; the Brushed Gold Huggies are 12 mm of soft brushed satin. Choose both and code BUY2 takes 10% off two or more pieces. Each arrives in a Naira Petite box.

Toggle Link Chain ₹1,499 · Brushed Gold Huggies ₹1,099 · [ 18k gold coated ] · waterproof · tarnish-free · hypoallergenic

made to stay gold.","One to give, one to keep · BUY2",Code BUY2: 10% off two or more.,SHOP_NOW,https://nairaflore.com/products/toggle-link-chain?utm_source=meta&utm_medium=paid_social&utm_campaign=upclose-oct26&utm_content=C13,feed/C13_toggle-link-chain_4x5.jpg,story/C13_toggle-link-chain_9x16.jpg
NAIRA Petite · Up Close · Oct26,AS1 · Prospecting · 7 metros · Broad,C14 · AS1 · W2 · styling · Heartline Paperclip Necklace · nine nights,Navratri; off at 00:00 on 20 Oct,Heartline Paperclip Necklace,1899,"Navratri has nine nights, from 11 to 19 October. This necklace has nine hearts. Each heart-cut clear stone sits in its own halo of tiny clear stones, gathered heart to heart across the front, with fine paperclip chain running round both sides. Wear it alone with an open neckline, or under a longer chain.

Heartline Paperclip Necklace · [ 18k gold coated ] · waterproof · tarnish-free · hypoallergenic · ₹1,899
Code BUY2 takes 10% off two or more pieces.

made to stay gold.","Heartline Paperclip Necklace · ₹1,899",Nine hearts for nine nights.,SHOP_NOW,https://nairaflore.com/products/heartline-paperclip-necklace?utm_source=meta&utm_medium=paid_social&utm_campaign=upclose-oct26&utm_content=C14,feed/C14_heartline-paperclip-necklace_4x5.jpg,story/C14_heartline-paperclip-necklace_9x16.jpg
NAIRA Petite · Up Close · Oct26,AS1 · Prospecting · 7 metros · Broad,"C15 · AS1 · W2 · hook · Verdant Circlet Studs · emerald green,",from 11 Oct,Verdant Circlet Studs,1499,"Emerald green, not emerald. Each stud carries a cushion-cut green cubic zirconia of about 10 mm over an open circlet of small clear stones, tiny gold points and two white shell pearls, about 20 mm tall in all. The pair is mirrored, so they face each other. One bold ear is enough for a wedding function.

Verdant Circlet Studs · [ 18k gold coated ] · waterproof · tarnish-free · hypoallergenic · ₹1,499
Code BUY2 takes 10% off two or more pieces.

made to stay gold.","Verdant Circlet Studs · ₹1,499","Green cubic zirconia, 20 mm tall.",SHOP_NOW,https://nairaflore.com/products/verdant-circlet-studs?utm_source=meta&utm_medium=paid_social&utm_campaign=upclose-oct26&utm_content=C15,feed/C15_verdant-circlet-studs_4x5.jpg,story/C15_verdant-circlet-studs_9x16.jpg
NAIRA Petite · Up Close · Oct26,AS1 · Prospecting · 7 metros · Broad,"C16 · AS1 · W2 · offer · Pearl Legacy Necklace · the same pearls,",11 Oct–11 Nov,Pearl Legacy Necklace,1799,"The same pearls, twice: once at the collarbone, once at the wrist. Flat baroque shell pearls, each its own shape, strung with small polished beads between them, and both pieces close at the front on a toggle with one larger pearl hanging from it. Together ₹3,598; code BUY2 takes 10% off two or more pieces, and the order still clears the ₹3,000 free-shipping line.

Pearl Legacy Necklace ₹1,799 · Baroque Shell Bracelet ₹1,799 · [ 18k gold coated ] · tarnish-free · hypoallergenic

made to stay gold.","The same pearls, twice · BUY2","Necklace and bracelet, ₹3,598.",SHOP_NOW,https://nairaflore.com/products/pearl-legacy-necklace?utm_source=meta&utm_medium=paid_social&utm_campaign=upclose-oct26&utm_content=C16,feed/C16_pearl-legacy-necklace_4x5.jpg,story/C16_pearl-legacy-necklace_9x16.jpg
NAIRA Petite · Up Close · Oct26,AS1 · Prospecting · 7 metros · Broad,"C17 · AS1 · W2 · styling · Brushed Gold Huggies · one pair, all season",11 Oct–11 Nov,Brushed Gold Huggies,1099,"One pair for the whole season: Navratri, Dussehra, Karwa Chauth, Dhanteras, Diwali and Bhai Dooj. She kept them on through all of it. The Brushed Gold Huggies are about 12 mm across, with a wide band about 6 mm deep and a soft brushed satin finish instead of a mirror polish, so they suit silk on a festival night and a work shirt the morning after.

Brushed Gold Huggies · [ 18k gold coated ] · waterproof · tarnish-free · hypoallergenic · ₹1,099
Code BUY2 takes 10% off two or more pieces.

made to stay gold.","One pair, all season · ₹1,099",12 mm across · waterproof,SHOP_NOW,https://nairaflore.com/products/brushed-gold-huggies?utm_source=meta&utm_medium=paid_social&utm_campaign=upclose-oct26&utm_content=C17,feed/C17_brushed-gold-huggies_4x5.jpg,story/C17_brushed-gold-huggies_9x16.jpg
NAIRA Petite · Up Close · Oct26,AS1 · Prospecting · 7 metros · Broad,C18 · AS1 · W2 · gifting · Petite Pavé Band · you don't know her size,from 11 Oct,Petite Pavé Band,899,"You don't know her ring size. You don't need to: the Petite Pavé Band opens at the back and adjusts from US 6 to 8. Four fine bands cross at the front, two lined with small clear stones and two left plain polished, with one slightly larger stone near the centre. It arrives in a Naira Petite box.

Petite Pavé Band · [ 18k gold coated ] · waterproof · tarnish-free · hypoallergenic · ₹899
Code BUY2 takes 10% off two or more pieces.

made to stay gold.",Petite Pavé Band · US 6 to 8 · ₹899,Adjusts from US 6 to 8.,SHOP_NOW,https://nairaflore.com/products/petite-pave-band?utm_source=meta&utm_medium=paid_social&utm_campaign=upclose-oct26&utm_content=C18,feed/C18_petite-pave-band_4x5.jpg,story/C18_petite-pave-band_9x16.jpg
NAIRA Petite · Up Close · Oct26,AS1 · Prospecting · 7 metros · Broad,C19 · AS1 · W3 · gifting · Halo Curve Ring · you and me,Karwa Chauth; off at 23:59 on 28 Oct,Halo Curve Ring,2049,"A two-stone ring like this has an old name: toi et moi, you and me. The Halo Curve Ring sets a natural tiger eye beside a faceted pale champagne crystal on an open band, two stones that don't match, and that is the point. Inner diameter about 17 mm. For Karwa Chauth, or any day you want to say it without saying it.

Halo Curve Ring · [ 18k gold coated ] · waterproof · tarnish-free · hypoallergenic · ₹2,049
Code BUY2 takes 10% off two or more pieces.

made to stay gold.","Halo Curve Ring · ₹2,049",Toi et moi: you and me.,SHOP_NOW,https://nairaflore.com/products/halo-curve-ring?utm_source=meta&utm_medium=paid_social&utm_campaign=upclose-oct26&utm_content=C19,feed/C19_halo-curve-ring_4x5.jpg,story/C19_halo-curve-ring_9x16.jpg
NAIRA Petite · Up Close · Oct26,AS1 · Prospecting · 7 metros · Broad,C20 · AS1 · W3 · hero · Prism Rivière Bracelet · festival of lights,Diwali; off at 23:59 on 8 Nov,Prism Rivière Bracelet,2399,"Diwali is the festival of lights. This bracelet brought its own. A prism takes one beam and lets it come apart, and the Prism Rivière does the same along one line of cushion-cut stones, aqua blue, soft pink and pale yellow in turn, each in a fine halo of tiny clear stones, closed with a fold-over clasp. Diwali is on Sunday, 8 November.

Prism Rivière Bracelet · [ rhodium coated ] · waterproof · tarnish-free · hypoallergenic · ₹2,399
It arrives in a Naira Petite box. Code BUY2 takes 10% off two or more pieces.

NAIRA Petite.","For Diwali · Prism Rivière · ₹2,399",Arrives in a Naira Petite box.,SHOP_NOW,https://nairaflore.com/products/prism-riviere-bracelet?utm_source=meta&utm_medium=paid_social&utm_campaign=upclose-oct26&utm_content=C20,feed/C20_prism-riviere-bracelet_4x5.jpg,story/C20_prism-riviere-bracelet_9x16.jpg
NAIRA Petite · Up Close · Oct26,AS1 · Prospecting · 7 metros · Broad,C22 · AS1 · W3 · gifting · Ribbon Bead Bracelet · not an envelope this year,Bhai Dooj; off at 23:59 on 11 Nov,Ribbon Bead Bracelet,799,"Bhai Dooj is on Wednesday, 11 November. This year, not an envelope. Look closer at the Ribbon Bead Bracelet: the bow at the centre is two heart-cut clear stones, points turned in to a small knot, on a fine chain dotted with tiny beads. It adjusts from 16 to 19 cm, so you don't need her size, and it arrives in a Naira Petite box.

Ribbon Bead Bracelet · [ 18k gold coated ] · waterproof · tarnish-free · hypoallergenic · ₹799
Code BUY2 takes 10% off two or more pieces.

made to stay gold.",Ribbon Bead Bracelet · ₹799,Adjusts 16 to 19 cm. Arrives boxed.,SHOP_NOW,https://nairaflore.com/products/ribbon-bead-bracelet?utm_source=meta&utm_medium=paid_social&utm_campaign=upclose-oct26&utm_content=C22,feed/C22_ribbon-bead-bracelet_4x5.jpg,story/C22_ribbon-bead-bracelet_9x16.jpg
NAIRA Petite · Up Close · Oct26,AS2 · Warm · Second look,"C23 · AS2 · W2 · offer · Prism Rivière Bracelet · a line, and a circle","live once the pool reaches 10,000; moves into AS1 Wave 2 on 11 Oct if AS2 is not live",Prism Rivière Bracelet,2399,"A line and a circle. The Prism Rivière lays pastel stones in one straight line; the Heartbead closes a circle of mirror-bright beads on one warm heart. Together they come to ₹3,698. Code BUY2 takes 10% off two or more pieces, and the order still clears the ₹3,000 free-shipping line. One for each wrist, or one to give.

Prism Rivière Bracelet ₹2,399 · [ rhodium coated ] · Heartbead Bracelet ₹1,299 · [ 18k gold coated · rhodium coated ] · waterproof · tarnish-free · hypoallergenic

made to stay gold.","Two bracelets · ₹3,698 together","Free shipping above ₹3,000.",BUY_NOW,https://nairaflore.com/products/prism-riviere-bracelet?utm_source=meta&utm_medium=paid_social&utm_campaign=upclose-oct26&utm_content=C23,feed/C23_prism-riviere-bracelet_4x5.jpg,story/C23_prism-riviere-bracelet_9x16.jpg
NAIRA Petite · Up Close · Oct26,AS2 · Warm · Second look,"C25 · AS2 · AS2 · retarget · Pearl Drop Studs · woman with a pearl drop, 202","live once the pool reaches 10,000",Pearl Drop Studs,1199,"You know the painting. This is the earring, made to wear. A round white shell pearl sits on the lobe in a plain bezel, and a polished sphere hangs just below it on a short link, about 30 mm from top to bottom, so the drop swings when you turn your head. Wear them with a soft updo so the sphere clears the collar.

Pearl Drop Studs · [ 18k gold coated ] · waterproof · tarnish-free · hypoallergenic · ₹1,199
Code BUY2 takes 10% off two or more pieces.

made to stay gold.","Pearl Drop Studs · ₹1,199","A pearl, and a sphere below it.",SHOP_NOW,https://nairaflore.com/products/pearl-drop-studs?utm_source=meta&utm_medium=paid_social&utm_campaign=upclose-oct26&utm_content=C25,feed/C25_pearl-drop-studs_4x5.jpg,story/C25_pearl-drop-studs_9x16.jpg
